<?xml version="1.0" encoding="UTF-8"?>
<project-private xmlns="http://www.netbeans.org/ns/project-private/1">
    <editor-bookmarks xmlns="http://www.netbeans.org/ns/editor-bookmarks/2" lastBookmarkId="0"/>
    <open-files xmlns="http://www.netbeans.org/ns/projectui-open-files/2">
        <group>
            <file>file:/C:/Users/Gian/Desktop/Proyecto%20Final/src/miVentana/MiFormulario.java</file>
            <file>file:/C:/Users/Gian/Desktop/Proyecto%20Final/src/misClases/CajaDePago.java</file>
            <file>file:/C:/Users/Gian/Desktop/Proyecto%20Final/src/misClases/Tienda.java</file>
            <file>file:/C:/Users/Gian/Desktop/Proyecto%20Final/src/misClases/Cliente.java</file>
            <file>file:/C:/Users/Gian/Desktop/Proyecto%20Final/src/miClaseLista/ListaE.java</file>
        </group>
    </open-files>
</project-private>
